{"/docs/4.0/utilities/":"https://getbootstrap.com/http://localhost/doc/bs4/docs/4.0/utilities/borders/","/docs/4.0/components/":"https://getbootstrap.com/http://localhost/doc/bs4/docs/4.0/components/buttons/","/examples/":"https://getbootstrap.com/http://localhost/doc/bs4/docs/4.0/examples/","/docs/":"https://getbootstrap.com/http://localhost/doc/bs4/docs/4.0/getting-started/introduction/","/docs/4.0/":"https://getbootstrap.com/http://localhost/doc/bs4/docs/4.0/getting-started/introduction/","/docs/4.0/getting-started/":"https://getbootstrap.com/http://localhost/doc/bs4/docs/4.0/getting-started/introduction/","/docs/getting-started/":"https://getbootstrap.com/http://localhost/doc/bs4/docs/4.0/getting-started/introduction/","/docs/4.0/layout/":"https://getbootstrap.com/http://localhost/doc/bs4/docs/4.0/layout/overview/","/docs/4.0/about/":"https://getbootstrap.com/http://localhost/doc/bs4/docs/4.0/about/overview/","/docs/4.0/history/":"https://getbootstrap.com/http://localhost/doc/bs4/docs/4.0/about/overview/","/docs/4.0/team/":"https://getbootstrap.com/http://localhost/doc/bs4/docs/4.0/about/overview/","/docs/4.0/content/":"https://getbootstrap.com/http://localhost/doc/bs4/docs/4.0/content/reboot/","/docs/4.0/getting-started/options/":"https://getbootstrap.com/http://localhost/doc/bs4/docs/4.0/getting-started/theming/"}